<?xml version='1.0' encoding='utf-8'?>
<ImportExportXml xmlns:xsi="http://www.w3.org/2001/XMLSchema-instance" version="9.2.25084.180" SolutionPackageVersion="9.2" languagecode="1033" generatedBy="CrmLive" OrganizationVersion="9.2.25084.180" OrganizationSchemaType="Standard" CRMServerServiceabilityVersion="9.2.25084.00180">
  <SolutionManifest>
    <UniqueName>BPGCanban</UniqueName>
    <LocalizedNames>
      <LocalizedName description="BPG Canban" languagecode="1033" />
    </LocalizedNames>
    <Descriptions />
    <Version>1.0.0.3</Version>
    <Managed>0</Managed>
    <Publisher>
      <UniqueName>Proxet</UniqueName>
      <LocalizedNames>
        <LocalizedName description="Proxet" languagecode="1033" />
      </LocalizedNames>
      <Descriptions />
      <EMailAddress xsi:nil="true" />
      <SupportingWebsiteUrl xsi:nil="true" />
      <CustomizationPrefix>prox</CustomizationPrefix>
      <CustomizationOptionValuePrefix>44619</CustomizationOptionValuePrefix>
      <Addresses>
        <Address>
          <AddressNumber>1</AddressNumber>
          <AddressTypeCode>1</AddressTypeCode>
          <City xsi:nil="true" />
          <County xsi:nil="true" />
          <Country xsi:nil="true" />
          <Fax xsi:nil="true" />
          <FreightTermsCode xsi:nil="true" />
          <ImportSequenceNumber xsi:nil="true" />
          <Latitude xsi:nil="true" />
          <Line1 xsi:nil="true" />
          <Line2 xsi:nil="true" />
          <Line3 xsi:nil="true" />
          <Longitude xsi:nil="true" />
          <Name xsi:nil="true" />
          <PostalCode xsi:nil="true" />
          <PostOfficeBox xsi:nil="true" />
          <PrimaryContactName xsi:nil="true" />
          <ShippingMethodCode>1</ShippingMethodCode>
          <StateOrProvince xsi:nil="true" />
          <Telephone1 xsi:nil="true" />
          <Telephone2 xsi:nil="true" />
          <Telephone3 xsi:nil="true" />
          <TimeZoneRuleVersionNumber xsi:nil="true" />
          <UPSZone xsi:nil="true" />
          <UTCOffset xsi:nil="true" />
          <UTCConversionTimeZoneCode xsi:nil="true" />
        </Address>
        <Address>
          <AddressNumber>2</AddressNumber>
          <AddressTypeCode>1</AddressTypeCode>
          <City xsi:nil="true" />
          <County xsi:nil="true" />
          <Country xsi:nil="true" />
          <Fax xsi:nil="true" />
          <FreightTermsCode xsi:nil="true" />
          <ImportSequenceNumber xsi:nil="true" />
          <Latitude xsi:nil="true" />
          <Line1 xsi:nil="true" />
          <Line2 xsi:nil="true" />
          <Line3 xsi:nil="true" />
          <Longitude xsi:nil="true" />
          <Name xsi:nil="true" />
          <PostalCode xsi:nil="true" />
          <PostOfficeBox xsi:nil="true" />
          <PrimaryContactName xsi:nil="true" />
          <ShippingMethodCode>1</ShippingMethodCode>
          <StateOrProvince xsi:nil="true" />
          <Telephone1 xsi:nil="true" />
          <Telephone2 xsi:nil="true" />
          <Telephone3 xsi:nil="true" />
          <TimeZoneRuleVersionNumber xsi:nil="true" />
          <UPSZone xsi:nil="true" />
          <UTCOffset xsi:nil="true" />
          <UTCConversionTimeZoneCode xsi:nil="true" />
        </Address>
      </Addresses>
    </Publisher>
    <RootComponents>
      <RootComponent type="300" schemaName="prox_bpgcanban_b2961" behavior="0" />
    </RootComponents>
    <MissingDependencies />
  </SolutionManifest>
</ImportExportXml>